,id,pred
0,1,0.1111111111111111
1,2,0.14666666666666667
2,3,0.08711111111111111
3,4,0.10044444444444445
4,5,0.12
5,6,0.051555555555555556
6,7,0.152
7,8,0.013333333333333334
8,9,0.050666666666666665
9,10,0.68
10,11,0.1431111111111111
11,12,0.1111111111111111
12,13,0.064
13,14,0.07822222222222222
14,15,0.06311111111111112
15,16,0.041777777777777775
16,17,0.052444444444444446
17,18,0.03822222222222222
18,19,0.04088888888888889
19,20,0.011555555555555555
20,21,0.6755555555555556
21,22,0.14755555555555555
22,23,0.009777777777777778
23,24,0.1448888888888889
24,25,0.043555555555555556
25,26,0.017777777777777778
26,27,0.02311111111111111
27,28,0.019555555555555555
28,29,0.029333333333333333
29,30,0.6844444444444444
30,31,0.027555555555555555
31,32,0.029333333333333333
32,33,0.04622222222222222
33,34,0.08
34,35,0.16533333333333333
35,36,0.058666666666666666
36,37,0.034666666666666665
37,38,0.7128888888888889
38,39,0.04711111111111111
39,40,0.10133333333333333
40,41,0.04533333333333334
41,42,0.014222222222222223
42,43,0.04711111111111111
43,44,0.128
44,45,0.18577777777777776
45,46,0.04
46,47,0.03288888888888889
47,48,0.019555555555555555
48,49,0.07466666666666667
49,50,0.060444444444444446
50,51,0.029333333333333333
51,52,0.06222222222222222
52,53,0.015111111111111112
53,54,0.7066666666666667
54,55,0.12977777777777777
55,56,0.019555555555555555
56,57,0.050666666666666665
57,58,0.024888888888888887
58,59,0.009777777777777778
59,60,0.056
60,61,0.06666666666666667
61,62,0.050666666666666665
62,63,0.025777777777777778
63,64,0.18488888888888888
64,65,0.022222222222222223
65,66,0.037333333333333336
66,67,0.05511111111111111
67,68,0.024888888888888887
68,69,0.07644444444444444
69,70,0.037333333333333336
70,71,0.13155555555555556
71,72,0.049777777777777775
72,73,0.011555555555555555
73,74,0.06488888888888888
74,75,0.04711111111111111
75,76,0.03822222222222222
76,77,0.027555555555555555
77,78,0.08711111111111111
78,79,0.04088888888888889
79,80,0.034666666666666665
80,81,0.036444444444444446
81,82,0.019555555555555555
82,83,0.07555555555555556
83,84,0.04088888888888889
84,85,0.03111111111111111
85,86,0.06666666666666667
86,87,0.020444444444444446
87,88,0.06933333333333333
88,89,0.012444444444444444
89,90,0.6417777777777778
90,91,0.025777777777777778
91,92,0.7128888888888889
92,93,0.019555555555555555
93,94,0.10755555555555556
94,95,0.03911111111111111
95,96,0.015111111111111112
96,97,0.13422222222222221
97,98,0.036444444444444446
98,99,0.027555555555555555
99,100,0.033777777777777775
100,101,0.010666666666666666
101,102,0.07288888888888889
102,103,0.041777777777777775
103,104,0.025777777777777778
104,105,0.18488888888888888
105,106,0.04888888888888889
106,107,0.016
107,108,0.027555555555555555
108,109,0.030222222222222223
109,110,0.033777777777777775
110,111,0.04888888888888889
111,112,0.7084444444444444
112,113,0.044444444444444446
113,114,0.6533333333333333
114,115,0.025777777777777778
115,116,0.03111111111111111
116,117,0.07022222222222223
117,118,0.034666666666666665
118,119,0.024888888888888887
119,120,0.051555555555555556
120,121,0.012444444444444444
121,122,0.03822222222222222
122,123,0.016
123,124,0.6622222222222223
124,125,0.03822222222222222
125,126,0.029333333333333333
126,127,0.027555555555555555
127,128,0.07111111111111111
128,129,0.08622222222222223
129,130,0.648
130,131,0.06222222222222222
131,132,0.056
132,133,0.027555555555555555
133,134,0.021333333333333333
134,135,0.024
135,136,0.024
136,137,0.0044444444444444444
137,138,0.033777777777777775
138,139,0.022222222222222223
139,140,0.044444444444444446
140,141,0.019555555555555555
141,142,0.052444444444444446
142,143,0.048
143,144,0.688
144,145,0.048
145,146,0.022222222222222223
146,147,0.041777777777777775
147,148,0.6737777777777778
148,149,0.025777777777777778
149,150,0.04888888888888889
150,151,0.024888888888888887
151,152,0.027555555555555555
152,153,0.032
153,154,0.032
154,155,0.02311111111111111
155,156,0.07022222222222223
156,157,0.03911111111111111
157,158,0.050666666666666665
158,159,0.014222222222222223
159,160,0.08177777777777778
160,161,0.017777777777777778
161,162,0.04622222222222222
162,163,0.18933333333333333
163,164,0.048
164,165,0.030222222222222223
165,166,0.05333333333333334
166,167,0.09955555555555555
167,168,0.056
168,169,0.6328888888888888
169,170,0.029333333333333333
170,171,0.037333333333333336
171,172,0.08533333333333333
172,173,0.07377777777777778
173,174,0.032
174,175,0.07555555555555556
175,176,0.030222222222222223
176,177,0.044444444444444446
177,178,0.6728888888888889
178,179,0.10577777777777778
179,180,0.04533333333333334
180,181,0.032
181,182,0.044444444444444446
182,183,0.048
183,184,0.07022222222222223
184,185,0.05422222222222222
185,186,0.010666666666666666
186,187,0.010666666666666666
187,188,0.04
188,189,0.057777777777777775
189,190,0.016
190,191,0.04888888888888889
191,192,0.6515555555555556
192,193,0.02311111111111111
193,194,0.027555555555555555
194,195,0.027555555555555555
195,196,0.044444444444444446
196,197,0.019555555555555555
197,198,0.041777777777777775
198,199,0.060444444444444446
199,200,0.049777777777777775
200,201,0.03111111111111111
201,202,0.043555555555555556
202,203,0.03111111111111111
203,204,0.048
204,205,0.035555555555555556
205,206,0.08177777777777778
206,207,0.06133333333333333
207,208,0.1431111111111111
208,209,0.041777777777777775
209,210,0.03288888888888889
210,211,0.022222222222222223
211,212,0.028444444444444446
212,213,0.08622222222222223
213,214,0.057777777777777775
214,215,0.02666666666666667
215,216,0.048
216,217,0.04088888888888889
217,218,0.019555555555555555
218,219,0.6622222222222223
219,220,0.051555555555555556
220,221,0.024888888888888887
221,222,0.037333333333333336
222,223,0.08266666666666667
223,224,0.02666666666666667
224,225,0.033777777777777775
225,226,0.048
226,227,0.03111111111111111
227,228,0.08622222222222223
228,229,0.6657777777777778
229,230,0.064
230,231,0.024888888888888887
231,232,0.018666666666666668
232,233,0.1288888888888889
233,234,0.024888888888888887
234,235,0.11822222222222223
235,236,0.037333333333333336
236,237,0.029333333333333333
237,238,0.024
238,239,0.028444444444444446
239,240,0.08088888888888889
240,241,0.08711111111111111
241,242,0.022222222222222223
242,243,0.041777777777777775
243,244,0.09866666666666667
244,245,0.051555555555555556
245,246,0.02666666666666667
246,247,0.6648888888888889
247,248,0.02666666666666667
248,249,0.06222222222222222
249,250,0.015111111111111112
250,251,0.6782222222222222
251,252,0.020444444444444446
252,253,0.05422222222222222
253,254,0.05333333333333334
254,255,0.032
255,256,0.024888888888888887
256,257,0.024
257,258,0.010666666666666666
258,259,0.032
259,260,0.04622222222222222
260,261,0.05688888888888889
261,262,0.020444444444444446
262,263,0.030222222222222223
263,264,0.05688888888888889
264,265,0.017777777777777778
265,266,0.024
266,267,0.03288888888888889
267,268,0.6568888888888889
268,269,0.034666666666666665
269,270,0.035555555555555556
270,271,0.030222222222222223
271,272,0.010666666666666666
272,273,0.024
273,274,0.05422222222222222
274,275,0.017777777777777778
275,276,0.10755555555555556
276,277,0.7031111111111111
277,278,0.04711111111111111
278,279,0.050666666666666665
279,280,0.035555555555555556
280,281,0.024
281,282,0.656
282,283,0.030222222222222223
283,284,0.02666666666666667
284,285,0.035555555555555556
285,286,0.016888888888888887
286,287,0.042666666666666665
287,288,0.008888888888888889
288,289,0.024888888888888887
289,290,0.024
290,291,0.028444444444444446
291,292,0.036444444444444446
292,293,0.05511111111111111
293,294,0.02311111111111111
294,295,0.7217777777777777
295,296,0.049777777777777775
296,297,0.041777777777777775
297,298,0.016888888888888887
298,299,0.036444444444444446
299,300,0.03822222222222222
300,301,0.013333333333333334
301,302,0.17777777777777778
302,303,0.6577777777777778
303,304,0.06488888888888888
304,305,0.6293333333333333
305,306,0.02666666666666667
306,307,0.05688888888888889
307,308,0.02666666666666667
308,309,0.07466666666666667
309,310,0.051555555555555556
310,311,0.021333333333333333
311,312,0.050666666666666665
312,313,0.06755555555555555
313,314,0.04622222222222222
314,315,0.07822222222222222
315,316,0.04888888888888889
316,317,0.05422222222222222
317,318,0.03111111111111111
318,319,0.052444444444444446
319,320,0.035555555555555556
320,321,0.057777777777777775
321,322,0.03111111111111111
322,323,0.029333333333333333
323,324,0.07822222222222222
324,325,0.017777777777777778
325,326,0.058666666666666666
326,327,0.029333333333333333
327,328,0.06311111111111112
328,329,0.06666666666666667
329,330,0.2311111111111111
330,331,0.09244444444444444
331,332,0.02666666666666667
332,333,0.033777777777777775
333,334,0.06844444444444445
334,335,0.03111111111111111
335,336,0.23466666666666666
336,337,0.042666666666666665
337,338,0.096
338,339,0.024
339,340,0.02311111111111111
340,341,0.036444444444444446
341,342,0.06488888888888888
342,343,0.013333333333333334
343,344,0.6773333333333333
344,345,0.05333333333333334
345,346,0.6666666666666666
346,347,0.051555555555555556
347,348,0.028444444444444446
348,349,0.02666666666666667
349,350,0.07111111111111111
350,351,0.05688888888888889
351,352,0.7164444444444444
352,353,0.08622222222222223
353,354,0.012444444444444444
354,355,0.08177777777777778
355,356,0.6737777777777778
356,357,0.052444444444444446
357,358,0.017777777777777778
358,359,0.072
359,360,0.019555555555555555
360,361,0.042666666666666665
361,362,0.04622222222222222
362,363,0.13955555555555554
363,364,0.05688888888888889
364,365,0.034666666666666665
365,366,0.02311111111111111
366,367,0.06577777777777778
367,368,0.11644444444444445
368,369,0.021333333333333333
369,370,0.058666666666666666
370,371,0.056
371,372,0.034666666666666665
372,373,0.022222222222222223
373,374,0.059555555555555556
374,375,0.035555555555555556
375,376,0.06311111111111112
376,377,0.7093333333333334
377,378,0.04533333333333334
378,379,0.07111111111111111
379,380,0.020444444444444446
380,381,0.7048888888888889
381,382,0.06133333333333333
382,383,0.07733333333333334
383,384,0.04711111111111111
384,385,0.041777777777777775
385,386,0.06577777777777778
386,387,0.017777777777777778
387,388,0.03288888888888889
388,389,0.059555555555555556
389,390,0.06488888888888888
390,391,0.05422222222222222
391,392,0.034666666666666665
392,393,0.6871111111111111
393,394,0.6862222222222222
394,395,0.034666666666666665
395,396,0.04088888888888889
396,397,0.014222222222222223
397,398,0.02311111111111111
398,399,0.019555555555555555
399,400,0.04533333333333334
400,401,0.04711111111111111
401,402,0.036444444444444446
402,403,0.13155555555555556
403,404,0.6746666666666666
404,405,0.08355555555555555
405,406,0.1582222222222222
406,407,0.06311111111111112
407,408,0.044444444444444446
408,409,0.032
409,410,0.05422222222222222
410,411,0.030222222222222223
411,412,0.043555555555555556
412,413,0.04088888888888889
413,414,0.1288888888888889
414,415,0.07555555555555556
415,416,0.08266666666666667
416,417,0.08533333333333333
417,418,0.024888888888888887
418,419,0.02311111111111111
419,420,0.06844444444444445
420,421,0.024888888888888887
421,422,0.036444444444444446
422,423,0.048
423,424,0.043555555555555556
424,425,0.035555555555555556
425,426,0.058666666666666666
426,427,0.03911111111111111
427,428,0.029333333333333333
428,429,0.06133333333333333
429,430,0.027555555555555555
430,431,0.041777777777777775
431,432,0.6195555555555555
432,433,0.016888888888888887
433,434,0.06311111111111112
434,435,0.03911111111111111
435,436,0.07288888888888889
436,437,0.12177777777777778
437,438,0.058666666666666666
438,439,0.024
439,440,0.015111111111111112
440,441,0.033777777777777775
441,442,0.035555555555555556
442,443,0.044444444444444446
443,444,0.019555555555555555
444,445,0.037333333333333336
445,446,0.024
446,447,0.03911111111111111
447,448,0.027555555555555555
448,449,0.043555555555555556
449,450,0.10844444444444444
450,451,0.037333333333333336
451,452,0.08533333333333333
452,453,0.10488888888888889
453,454,0.04622222222222222
454,455,0.035555555555555556
455,456,0.037333333333333336
456,457,0.12088888888888889
457,458,0.050666666666666665
458,459,0.04622222222222222
459,460,0.04622222222222222
460,461,0.035555555555555556
461,462,0.16977777777777778
462,463,0.042666666666666665
463,464,0.013333333333333334
464,465,0.064
465,466,0.03911111111111111
466,467,0.034666666666666665
467,468,0.041777777777777775
468,469,0.048
469,470,0.11466666666666667
470,471,0.06933333333333333
471,472,0.05688888888888889
472,473,0.18133333333333335
473,474,0.048
474,475,0.060444444444444446
475,476,0.672
476,477,0.14577777777777778
477,478,0.7217777777777777
478,479,0.07733333333333334
479,480,0.07377777777777778
480,481,0.052444444444444446
481,482,0.059555555555555556
482,483,0.02311111111111111
483,484,0.019555555555555555
484,485,0.6844444444444444
485,486,0.22044444444444444
486,487,0.04088888888888889
487,488,0.044444444444444446
488,489,0.2311111111111111
489,490,0.128
490,491,0.06311111111111112
491,492,0.06133333333333333
492,493,0.7146666666666667
493,494,0.052444444444444446
494,495,0.058666666666666666
495,496,0.024
496,497,0.03911111111111111
497,498,0.6755555555555556
498,499,0.030222222222222223
499,500,0.1111111111111111
500,501,0.050666666666666665
501,502,0.02666666666666667
502,503,0.07644444444444444
503,504,0.029333333333333333
504,505,0.022222222222222223
505,506,0.03822222222222222
506,507,0.04
507,508,0.04622222222222222
508,509,0.09066666666666667
509,510,0.036444444444444446
510,511,0.08088888888888889
511,512,0.02311111111111111
512,513,0.03288888888888889
513,514,0.029333333333333333
514,515,0.06755555555555555
515,516,0.05333333333333334
516,517,0.04622222222222222
517,518,0.024
518,519,0.033777777777777775
519,520,0.08266666666666667
520,521,0.05688888888888889
521,522,0.049777777777777775
522,523,0.07466666666666667
523,524,0.028444444444444446
524,525,0.03911111111111111
525,526,0.016888888888888887
526,527,0.057777777777777775
527,528,0.04711111111111111
528,529,0.016888888888888887
529,530,0.06133333333333333
530,531,0.024
531,532,0.022222222222222223
532,533,0.033777777777777775
533,534,0.09066666666666667
534,535,0.056
535,536,0.056
536,537,0.044444444444444446
537,538,0.13066666666666665
538,539,0.10044444444444445
539,540,0.013333333333333334
540,541,0.030222222222222223
541,542,0.07733333333333334
542,543,0.6844444444444444
543,544,0.018666666666666668
544,545,0.051555555555555556
545,546,0.08444444444444445
546,547,0.010666666666666666
547,548,0.028444444444444446
548,549,0.018666666666666668
549,550,0.6755555555555556
550,551,0.18222222222222223
551,552,0.06666666666666667
552,553,0.112
553,554,0.041777777777777775
554,555,0.034666666666666665
555,556,0.052444444444444446
556,557,0.04
557,558,0.024
558,559,0.11288888888888889
559,560,0.043555555555555556
560,561,0.037333333333333336
561,562,0.016888888888888887
562,563,0.10577777777777778
563,564,0.048
564,565,0.05422222222222222
565,566,0.012444444444444444
566,567,0.025777777777777778
567,568,0.032
568,569,0.033777777777777775
569,570,0.13066666666666665
570,571,0.03911111111111111
571,572,0.021333333333333333
572,573,0.7031111111111111
573,574,0.06577777777777778
574,575,0.12711111111111112
575,576,0.02311111111111111
576,577,0.03911111111111111
577,578,0.7004444444444444
578,579,0.04711111111111111
579,580,0.04888888888888889
580,581,0.07822222222222222
581,582,0.014222222222222223
582,583,0.12266666666666666
583,584,0.09333333333333334
584,585,0.008
585,586,0.06133333333333333
586,587,0.12977777777777777
587,588,0.14755555555555555
588,589,0.03288888888888889
589,590,0.09333333333333334
590,591,0.056
591,592,0.06222222222222222
592,593,0.051555555555555556
593,594,0.6586666666666666
594,595,0.024
595,596,0.042666666666666665
596,597,0.032
597,598,0.042666666666666665
598,599,0.08622222222222223
599,600,0.04088888888888889
600,601,0.020444444444444446
601,602,0.03111111111111111
602,603,0.06222222222222222
603,604,0.034666666666666665
604,605,0.0791111111111111
605,606,0.176
606,607,0.056
607,608,0.08266666666666667
608,609,0.034666666666666665
609,610,0.013333333333333334
610,611,0.12444444444444444
611,612,0.049777777777777775
612,613,0.6631111111111111
613,614,0.032
614,615,0.09155555555555556
615,616,0.6915555555555556
616,617,0.15911111111111112
617,618,0.10933333333333334
618,619,0.06844444444444445
619,620,0.034666666666666665
620,621,0.019555555555555555
621,622,0.10488888888888889
622,623,0.028444444444444446
623,624,0.09333333333333334
624,625,0.028444444444444446
625,626,0.021333333333333333
626,627,0.11911111111111111
627,628,0.064
628,629,0.032
629,630,0.030222222222222223
630,631,0.028444444444444446
631,632,0.04533333333333334
632,633,0.027555555555555555
633,634,0.11377777777777778
634,635,0.048
635,636,0.04
636,637,0.050666666666666665
637,638,0.14666666666666667
638,639,0.011555555555555555
639,640,0.030222222222222223
640,641,0.6871111111111111
641,642,0.042666666666666665
642,643,0.030222222222222223
643,644,0.02666666666666667
644,645,0.22133333333333333
645,646,0.022222222222222223
646,647,0.0071111111111111115
647,648,0.04088888888888889
648,649,0.036444444444444446
649,650,0.12622222222222224
650,651,0.02311111111111111
651,652,0.05511111111111111
652,653,0.05333333333333334
653,654,0.044444444444444446
654,655,0.08977777777777778
655,656,0.015111111111111112
656,657,0.056
657,658,0.07288888888888889
658,659,0.029333333333333333
659,660,0.06844444444444445
660,661,0.04711111111111111
661,662,0.018666666666666668
662,663,0.07466666666666667
663,664,0.027555555555555555
664,665,0.17066666666666666
665,666,0.03822222222222222
666,667,0.051555555555555556
667,668,0.030222222222222223
668,669,0.14222222222222222
669,670,0.104
670,671,0.08266666666666667
671,672,0.016
672,673,0.25066666666666665
673,674,0.060444444444444446
674,675,0.6417777777777778
675,676,0.033777777777777775
676,677,0.03822222222222222
677,678,0.03111111111111111
678,679,0.12266666666666666
679,680,0.021333333333333333
680,681,0.024
681,682,0.10577777777777778
682,683,0.029333333333333333
683,684,0.7102222222222222
684,685,0.4568888888888889
685,686,0.021333333333333333
686,687,0.032
687,688,0.6684444444444444
688,689,0.058666666666666666
689,690,0.06933333333333333
690,691,0.03111111111111111
691,692,0.057777777777777775
692,693,0.21866666666666668
693,694,0.022222222222222223
694,695,0.02311111111111111
695,696,0.05688888888888889
696,697,0.043555555555555556
697,698,0.03822222222222222
698,699,0.06666666666666667
699,700,0.06577777777777778
700,701,0.05511111111111111
701,702,0.027555555555555555
702,703,0.11377777777777778
703,704,0.030222222222222223
704,705,0.07733333333333334
705,706,0.027555555555555555
706,707,0.07466666666666667
707,708,0.04888888888888889
708,709,0.037333333333333336
709,710,0.6986666666666667
710,711,0.051555555555555556
711,712,0.044444444444444446
712,713,0.036444444444444446
713,714,0.012444444444444444
714,715,0.012444444444444444
715,716,0.018666666666666668
716,717,0.060444444444444446
717,718,0.02666666666666667
718,719,0.021333333333333333
719,720,0.04533333333333334
720,721,0.10844444444444444
721,722,0.036444444444444446
722,723,0.041777777777777775
723,724,0.04622222222222222
724,725,0.1902222222222222
725,726,0.24888888888888888
726,727,0.024
727,728,0.04711111111111111
728,729,0.06222222222222222
729,730,0.6951111111111111
730,731,0.034666666666666665
731,732,0.18844444444444444
732,733,0.18933333333333333
733,734,0.014222222222222223
734,735,0.05511111111111111
735,736,0.05688888888888889
736,737,0.68
737,738,0.09333333333333334
738,739,0.019555555555555555
739,740,0.02311111111111111
740,741,0.06222222222222222
741,742,0.016
742,743,0.11822222222222223
743,744,0.05688888888888889
744,745,0.6862222222222222
745,746,0.02311111111111111
746,747,0.033777777777777775
747,748,0.10666666666666667
748,749,0.04888888888888889
749,750,0.037333333333333336
750,751,0.04711111111111111
751,752,0.025777777777777778
752,753,0.06488888888888888
753,754,0.03911111111111111
754,755,0.03288888888888889
755,756,0.021333333333333333
756,757,0.18133333333333335
757,758,0.036444444444444446
758,759,0.05333333333333334
759,760,0.03911111111111111
760,761,0.04888888888888889
761,762,0.050666666666666665
762,763,0.050666666666666665
763,764,0.025777777777777778
764,765,0.184
765,766,0.016
766,767,0.028444444444444446
767,768,0.10044444444444445
768,769,0.024
769,770,0.024
770,771,0.044444444444444446
771,772,0.052444444444444446
772,773,0.025777777777777778
773,774,0.088
774,775,0.03822222222222222
775,776,0.022222222222222223
776,777,0.036444444444444446
777,778,0.04533333333333334
778,779,0.043555555555555556
779,780,0.041777777777777775
780,781,0.02311111111111111
781,782,0.035555555555555556
782,783,0.043555555555555556
783,784,0.09422222222222222
784,785,0.07555555555555556
785,786,0.019555555555555555
786,787,0.030222222222222223
787,788,0.1688888888888889
788,789,0.04088888888888889
789,790,0.08355555555555555
790,791,0.06666666666666667
791,792,0.016888888888888887
792,793,0.11022222222222222
793,794,0.06311111111111112
794,795,0.033777777777777775
795,796,0.015111111111111112
796,797,0.037333333333333336
797,798,0.056
798,799,0.25422222222222224
799,800,0.044444444444444446
800,801,0.04
801,802,0.15555555555555556
802,803,0.041777777777777775
803,804,0.035555555555555556
804,805,0.06311111111111112
805,806,0.049777777777777775
806,807,0.12533333333333332
807,808,0.6942222222222222
808,809,0.017777777777777778
809,810,0.12088888888888889
810,811,0.024
811,812,0.021333333333333333
812,813,0.051555555555555556
813,814,0.021333333333333333
814,815,0.6871111111111111
815,816,0.02666666666666667
816,817,0.6817777777777778
817,818,0.03822222222222222
818,819,0.05422222222222222
819,820,0.025777777777777778
820,821,0.024
821,822,0.08355555555555555
822,823,0.08177777777777778
823,824,0.18577777777777776
824,825,0.060444444444444446
825,826,0.2826666666666667
826,827,0.013333333333333334
827,828,0.029333333333333333
828,829,0.042666666666666665
829,830,0.04711111111111111
830,831,0.03911111111111111
831,832,0.04888888888888889
832,833,0.6497777777777778
833,834,0.013333333333333334
834,835,0.05333333333333334
835,836,0.008888888888888889
836,837,0.05511111111111111
837,838,0.09688888888888889
838,839,0.052444444444444446
839,840,0.11644444444444445
840,841,0.021333333333333333
841,842,0.059555555555555556
842,843,0.035555555555555556
843,844,0.07288888888888889
844,845,0.06311111111111112
845,846,0.02311111111111111
846,847,0.027555555555555555
847,848,0.059555555555555556
848,849,0.043555555555555556
849,850,0.05511111111111111
850,851,0.03288888888888889
851,852,0.033777777777777775
852,853,0.06844444444444445
853,854,0.048
854,855,0.041777777777777775
855,856,0.03822222222222222
856,857,0.035555555555555556
857,858,0.23466666666666666
858,859,0.04
859,860,0.028444444444444446
860,861,0.05422222222222222
861,862,0.09866666666666667
862,863,0.052444444444444446
863,864,0.11911111111111111
864,865,0.015111111111111112
865,866,0.07733333333333334
866,867,0.025777777777777778
867,868,0.022222222222222223
868,869,0.028444444444444446
869,870,0.03822222222222222
870,871,0.009777777777777778
871,872,0.044444444444444446
872,873,0.11911111111111111
873,874,0.04711111111111111
874,875,0.044444444444444446
875,876,0.15644444444444444
876,877,0.21422222222222223
877,878,0.14933333333333335
878,879,0.11022222222222222
879,880,0.08533333333333333
880,881,0.05333333333333334
881,882,0.06311111111111112
882,883,0.036444444444444446
883,884,0.058666666666666666
884,885,0.010666666666666666
885,886,0.06488888888888888
886,887,0.25422222222222224
887,888,0.072
888,889,0.03822222222222222
889,890,0.6835555555555556
890,891,0.036444444444444446
891,892,0.6613333333333333
892,893,0.304
893,894,0.11822222222222223
894,895,0.07555555555555556
895,896,0.08888888888888889
896,897,0.12533333333333332
897,898,0.037333333333333336
898,899,0.10311111111111111
899,900,0.033777777777777775
900,901,0.029333333333333333
901,902,0.7031111111111111
902,903,0.027555555555555555
903,904,0.05422222222222222
904,905,0.033777777777777775
905,906,0.6346666666666667
906,907,0.03111111111111111
907,908,0.050666666666666665
908,909,0.014222222222222223
909,910,0.10044444444444445
910,911,0.05422222222222222
911,912,0.06577777777777778
912,913,0.09155555555555556
913,914,0.09333333333333334
914,915,0.008
915,916,0.06666666666666667
916,917,0.1688888888888889
917,918,0.6684444444444444
918,919,0.11288888888888889
919,920,0.06133333333333333
920,921,0.06933333333333333
921,922,0.017777777777777778
922,923,0.13066666666666665
923,924,0.05511111111111111
924,925,0.13155555555555556
925,926,0.17155555555555554
926,927,0.02666666666666667
927,928,0.08177777777777778
928,929,0.051555555555555556
929,930,0.06222222222222222
930,931,0.11822222222222223
931,932,0.11555555555555555
932,933,0.20177777777777778
933,934,0.04888888888888889
934,935,0.09155555555555556
935,936,0.07644444444444444
936,937,0.10044444444444445
937,938,0.17155555555555554
938,939,0.06844444444444445
939,940,0.12
940,941,0.128
941,942,0.034666666666666665
942,943,0.042666666666666665
943,944,0.10666666666666667
944,945,0.04711111111111111
945,946,0.22133333333333333
946,947,0.05511111111111111
947,948,0.7013333333333334
948,949,0.09244444444444444
949,950,0.10222222222222223
950,951,0.1448888888888889
951,952,0.06933333333333333
952,953,0.12177777777777778
953,954,0.11911111111111111
954,955,0.051555555555555556
955,956,0.024
956,957,0.027555555555555555
957,958,0.10133333333333333
958,959,0.03288888888888889
959,960,0.22311111111111112
960,961,0.6488888888888888
961,962,0.08888888888888889
962,963,0.13066666666666665
963,964,0.14844444444444443
964,965,0.07022222222222223
965,966,0.09866666666666667
966,967,0.16
967,968,0.1111111111111111
968,969,0.036444444444444446
969,970,0.2222222222222222
970,971,0.096
971,972,0.022222222222222223
972,973,0.12711111111111112
973,974,0.088
974,975,0.027555555555555555
975,976,0.1111111111111111
976,977,0.13155555555555556
977,978,0.05422222222222222
978,979,0.128
979,980,0.21777777777777776
980,981,0.08088888888888889
981,982,0.16355555555555557
982,983,0.11555555555555555
983,984,0.18222222222222223
984,985,0.016888888888888887
985,986,0.1671111111111111
986,987,0.20444444444444446
987,988,0.2408888888888889
988,989,0.03822222222222222
989,990,0.02666666666666667
990,991,0.037333333333333336
991,992,0.09955555555555555
992,993,0.06577777777777778
993,994,0.016
994,995,0.05333333333333334
995,996,0.03288888888888889
996,997,0.12444444444444444
997,998,0.048
998,999,0.06311111111111112
999,1000,0.06488888888888888
1000,1001,0.14755555555555555
1001,1002,0.016
1002,1003,0.11377777777777778
1003,1004,0.021333333333333333
1004,1005,0.13955555555555554
1005,1006,0.032
1006,1007,0.112
1007,1008,0.058666666666666666
1008,1009,0.6666666666666666
1009,1010,0.035555555555555556
1010,1011,0.1537777777777778
1011,1012,0.6542222222222223
1012,1013,0.12533333333333332
1013,1014,0.06933333333333333
1014,1015,0.2391111111111111
1015,1016,0.041777777777777775
1016,1017,0.033777777777777775
1017,1018,0.2248888888888889
1018,1019,0.10577777777777778
1019,1020,0.018666666666666668
1020,1021,0.05511111111111111
1021,1022,0.1511111111111111
1022,1023,0.06933333333333333
1023,1024,0.6586666666666666
1024,1025,0.0791111111111111
1025,1026,0.09955555555555555
1026,1027,0.13866666666666666
1027,1028,0.03911111111111111
1028,1029,0.04622222222222222
1029,1030,0.028444444444444446
1030,1031,0.025777777777777778
1031,1032,0.128
1032,1033,0.05688888888888889
1033,1034,0.13155555555555556
1034,1035,0.6764444444444444
1035,1036,0.13066666666666665
1036,1037,0.12622222222222224
1037,1038,0.11288888888888889
1038,1039,0.05688888888888889
1039,1040,0.030222222222222223
1040,1041,0.049777777777777775
1041,1042,0.035555555555555556
1042,1043,0.22044444444444444
1043,1044,0.14044444444444446
1044,1045,0.08888888888888889
1045,1046,0.035555555555555556
1046,1047,0.03111111111111111
1047,1048,0.14044444444444446
1048,1049,0.05511111111111111
1049,1050,0.08355555555555555
1050,1051,0.10311111111111111
1051,1052,0.04711111111111111
1052,1053,0.10577777777777778
1053,1054,0.018666666666666668
1054,1055,0.10666666666666667
1055,1056,0.2408888888888889
1056,1057,0.1688888888888889
1057,1058,0.13066666666666665
1058,1059,0.23022222222222222
1059,1060,0.08977777777777778
1060,1061,0.11911111111111111
1061,1062,0.08711111111111111
1062,1063,0.08177777777777778
1063,1064,0.6693333333333333
1064,1065,0.08533333333333333
1065,1066,0.08711111111111111
1066,1067,0.1688888888888889
1067,1068,0.041777777777777775
1068,1069,0.08266666666666667
1069,1070,0.1511111111111111
1070,1071,0.10311111111111111
1071,1072,0.08177777777777778
1072,1073,0.08533333333333333
1073,1074,0.13422222222222221
1074,1075,0.06577777777777778
1075,1076,0.18222222222222223
1076,1077,0.14844444444444443
1077,1078,0.1608888888888889
1078,1079,0.2071111111111111
1079,1080,0.10933333333333334
1080,1081,0.10844444444444444
1081,1082,0.052444444444444446
1082,1083,0.312
1083,1084,0.049777777777777775
1084,1085,0.15733333333333333
1085,1086,0.18133333333333335
1086,1087,0.10577777777777778
1087,1088,0.034666666666666665
1088,1089,0.10844444444444444
1089,1090,0.09866666666666667
1090,1091,0.05688888888888889
1091,1092,0.1511111111111111
1092,1093,0.11555555555555555
1093,1094,0.08355555555555555
1094,1095,0.08177777777777778
1095,1096,0.2391111111111111
1096,1097,0.14666666666666667
1097,1098,0.042666666666666665
1098,1099,0.08088888888888889
1099,1100,0.1111111111111111
1100,1101,0.07022222222222223
1101,1102,0.22577777777777777
1102,1103,0.1288888888888889
1103,1104,0.10133333333333333
1104,1105,0.072
1105,1106,0.064
1106,1107,0.059555555555555556
1107,1108,0.08177777777777778
1108,1109,0.08177777777777778
1109,1110,0.10133333333333333
1110,1111,0.18044444444444444
1111,1112,0.14044444444444446
1112,1113,0.16622222222222222
1113,1114,0.035555555555555556
1114,1115,0.10133333333333333
1115,1116,0.03911111111111111
1116,1117,0.04088888888888889
1117,1118,0.10933333333333334
1118,1119,0.029333333333333333
1119,1120,0.12444444444444444
1120,1121,0.10044444444444445
1121,1122,0.042666666666666665
1122,1123,0.13777777777777778
1123,1124,0.2817777777777778
1124,1125,0.056
1125,1126,0.18755555555555556
1126,1127,0.12266666666666666
1127,1128,0.07822222222222222
1128,1129,0.057777777777777775
1129,1130,0.16533333333333333
1130,1131,0.06133333333333333
1131,1132,0.07466666666666667
1132,1133,0.16622222222222222
1133,1134,0.08977777777777778
1134,1135,0.07822222222222222
1135,1136,0.07022222222222223
1136,1137,0.15466666666666667
1137,1138,0.04088888888888889
1138,1139,0.014222222222222223
1139,1140,0.14666666666666667
1140,1141,0.14222222222222222
1141,1142,0.20444444444444446
1142,1143,0.112
1143,1144,0.07466666666666667
1144,1145,0.13866666666666666
1145,1146,0.07822222222222222
1146,1147,0.052444444444444446
1147,1148,0.13244444444444445
1148,1149,0.02666666666666667
1149,1150,0.060444444444444446
1150,1151,0.13155555555555556
1151,1152,0.09333333333333334
1152,1153,0.05511111111111111
1153,1154,0.10666666666666667
1154,1155,0.08444444444444445
1155,1156,0.06133333333333333
1156,1157,0.09777777777777778
1157,1158,0.176
1158,1159,0.09955555555555555
1159,1160,0.11733333333333333
1160,1161,0.24266666666666667
1161,1162,0.18755555555555556
1162,1163,0.20977777777777779
1163,1164,0.10222222222222223
1164,1165,0.104
1165,1166,0.16355555555555557
1166,1167,0.11377777777777778
1167,1168,0.112
1168,1169,0.04
1169,1170,0.11911111111111111
1170,1171,0.07733333333333334
1171,1172,0.18133333333333335
1172,1173,0.041777777777777775
1173,1174,0.13422222222222221
1174,1175,0.024
1175,1176,0.08711111111111111
1176,1177,0.136
1177,1178,0.044444444444444446
1178,1179,0.10577777777777778
1179,1180,0.032
1180,1181,0.13866666666666666
1181,1182,0.15466666666666667
1182,1183,0.15555555555555556
1183,1184,0.184
1184,1185,0.096
1185,1186,0.21688888888888888
1186,1187,0.1831111111111111
1187,1188,0.029333333333333333
1188,1189,0.7066666666666667
1189,1190,0.18933333333333333
1190,1191,0.10666666666666667
1191,1192,0.052444444444444446
1192,1193,0.04
1193,1194,0.072
1194,1195,0.03911111111111111
1195,1196,0.13955555555555554
1196,1197,0.13066666666666665
1197,1198,0.058666666666666666
1198,1199,0.12533333333333332
1199,1200,0.09066666666666667
1200,1201,0.13777777777777778
1201,1202,0.22755555555555557
1202,1203,0.2088888888888889
1203,1204,0.09422222222222222
1204,1205,0.12177777777777778
1205,1206,0.10844444444444444
1206,1207,0.26755555555555555
1207,1208,0.09244444444444444
1208,1209,0.12177777777777778
1209,1210,0.21688888888888888
1210,1211,0.050666666666666665
1211,1212,0.17777777777777778
1212,1213,0.10933333333333334
1213,1214,0.08177777777777778
1214,1215,0.1537777777777778
1215,1216,0.12977777777777777
1216,1217,0.6693333333333333
1217,1218,0.13155555555555556
1218,1219,0.035555555555555556
1219,1220,0.08888888888888889
1220,1221,0.10488888888888889
1221,1222,0.09333333333333334
1222,1223,0.064
1223,1224,0.15288888888888888
1224,1225,0.04622222222222222
1225,1226,0.088
1226,1227,0.11822222222222223
1227,1228,0.064
1228,1229,0.7226666666666667
1229,1230,0.08444444444444445
1230,1231,0.1511111111111111
1231,1232,0.10666666666666667
1232,1233,0.05511111111111111
1233,1234,0.08177777777777778
1234,1235,0.10311111111111111
1235,1236,0.08266666666666667
1236,1237,0.08088888888888889
1237,1238,0.12444444444444444
1238,1239,0.09066666666666667
1239,1240,0.050666666666666665
1240,1241,0.07111111111111111
1241,1242,0.06577777777777778
1242,1243,0.08711111111111111
1243,1244,0.14133333333333334
1244,1245,0.24177777777777779
1245,1246,0.12088888888888889
1246,1247,0.1537777777777778
1247,1248,0.064
1248,1249,0.057777777777777775
1249,1250,0.036444444444444446
1250,1251,0.05422222222222222
1251,1252,0.027555555555555555
1252,1253,0.144
1253,1254,0.09688888888888889
1254,1255,0.24622222222222223
1255,1256,0.09955555555555555
1256,1257,0.6755555555555556
1257,1258,0.016888888888888887
1258,1259,0.050666666666666665
1259,1260,0.6355555555555555
1260,1261,0.07644444444444444
1261,1262,0.176
1262,1263,0.1288888888888889
1263,1264,0.02311111111111111
1264,1265,0.7084444444444444
1265,1266,0.13155555555555556
1266,1267,0.1351111111111111
1267,1268,0.17955555555555555
1268,1269,0.07022222222222223
1269,1270,0.17066666666666666
1270,1271,0.16
1271,1272,0.11644444444444445
1272,1273,0.08177777777777778
1273,1274,0.024888888888888887
1274,1275,0.09155555555555556
1275,1276,0.04088888888888889
1276,1277,0.15555555555555556
1277,1278,0.1368888888888889
1278,1279,0.06311111111111112
1279,1280,0.2897777777777778
1280,1281,0.10577777777777778
1281,1282,0.13244444444444445
1282,1283,0.072
1283,1284,0.08533333333333333
1284,1285,0.12977777777777777
1285,1286,0.10311111111111111
1286,1287,0.058666666666666666
1287,1288,0.11733333333333333
1288,1289,0.12355555555555556
1289,1290,0.12533333333333332
1290,1291,0.12355555555555556
1291,1292,0.1288888888888889
1292,1293,0.22577777777777777
1293,1294,0.12088888888888889
1294,1295,0.1582222222222222
1295,1296,0.152
1296,1297,0.0951111111111111
1297,1298,0.050666666666666665
1298,1299,0.12088888888888889
1299,1300,0.15733333333333333
1300,1301,0.09688888888888889
1301,1302,0.06488888888888888
1302,1303,0.12177777777777778
1303,1304,0.1537777777777778
1304,1305,0.16
1305,1306,0.1768888888888889
1306,1307,0.043555555555555556
1307,1308,0.09688888888888889
1308,1309,0.12444444444444444
1309,1310,0.056
1310,1311,0.07822222222222222
1311,1312,0.08
1312,1313,0.15911111111111112
1313,1314,0.08533333333333333
1314,1315,0.15555555555555556
1315,1316,0.07466666666666667
1316,1317,0.144
1317,1318,0.14222222222222222
1318,1319,0.16977777777777778
1319,1320,0.12533333333333332
1320,1321,0.18577777777777776
1321,1322,0.021333333333333333
1322,1323,0.07288888888888889
1323,1324,0.11822222222222223
1324,1325,0.21066666666666667
1325,1326,0.104
1326,1327,0.10222222222222223
1327,1328,0.11466666666666667
1328,1329,0.0951111111111111
1329,1330,0.1751111111111111
1330,1331,0.1351111111111111
1331,1332,0.7395555555555555
1332,1333,0.07733333333333334
1333,1334,0.136
1334,1335,0.07377777777777778
1335,1336,0.032
1336,1337,0.14133333333333334
1337,1338,0.13155555555555556
1338,1339,0.09688888888888889
1339,1340,0.128
1340,1341,0.057777777777777775
1341,1342,0.09333333333333334
1342,1343,0.7137777777777777
1343,1344,0.10222222222222223
1344,1345,0.058666666666666666
1345,1346,0.057777777777777775
1346,1347,0.11822222222222223
1347,1348,0.232
1348,1349,0.022222222222222223
1349,1350,0.13866666666666666
1350,1351,0.08444444444444445
1351,1352,0.04888888888888889
1352,1353,0.1768888888888889
1353,1354,0.18222222222222223
1354,1355,0.13066666666666665
1355,1356,0.08088888888888889
1356,1357,0.060444444444444446
1357,1358,0.1768888888888889
1358,1359,0.144
1359,1360,0.17955555555555555
1360,1361,0.14044444444444446
1361,1362,0.17866666666666667
1362,1363,0.13066666666666665
1363,1364,0.14844444444444443
1364,1365,0.1288888888888889
1365,1366,0.058666666666666666
1366,1367,0.08711111111111111
1367,1368,0.10133333333333333
1368,1369,0.14755555555555555
1369,1370,0.11377777777777778
1370,1371,0.11911111111111111
1371,1372,0.09777777777777778
1372,1373,0.12177777777777778
1373,1374,0.18133333333333335
1374,1375,0.015111111111111112
1375,1376,0.09066666666666667
1376,1377,0.03822222222222222
1377,1378,0.1671111111111111
1378,1379,0.1511111111111111
1379,1380,0.03911111111111111
1380,1381,0.14666666666666667
1381,1382,0.08088888888888889
1382,1383,0.019555555555555555
1383,1384,0.144
1384,1385,0.03911111111111111
1385,1386,0.1768888888888889
1386,1387,0.07555555555555556
1387,1388,0.17422222222222222
1388,1389,0.12088888888888889
1389,1390,0.26755555555555555
1390,1391,0.08888888888888889
1391,1392,0.10755555555555556
1392,1393,0.08355555555555555
1393,1394,0.15644444444444444
1394,1395,0.08088888888888889
1395,1396,0.032
1396,1397,0.17155555555555554
1397,1398,0.06488888888888888
1398,1399,0.1768888888888889
1399,1400,0.13066666666666665
1400,1401,0.10311111111111111
1401,1402,0.08177777777777778
1402,1403,0.168
1403,1404,0.10044444444444445
1404,1405,0.0791111111111111
1405,1406,0.15911111111111112
1406,1407,0.12088888888888889
1407,1408,0.19555555555555557
1408,1409,0.1537777777777778
1409,1410,0.07822222222222222
1410,1411,0.050666666666666665
1411,1412,0.07466666666666667
1412,1413,0.08533333333333333
1413,1414,0.06933333333333333
1414,1415,0.19733333333333333
1415,1416,0.1928888888888889
1416,1417,0.104
1417,1418,0.29244444444444445
1418,1419,0.07822222222222222
1419,1420,0.17155555555555554
1420,1421,0.1448888888888889
1421,1422,0.12977777777777777
1422,1423,0.1431111111111111
1423,1424,0.06488888888888888
1424,1425,0.2008888888888889
1425,1426,0.11555555555555555
1426,1427,0.096
1427,1428,0.10933333333333334
1428,1429,0.128
1429,1430,0.060444444444444446
1430,1431,0.10577777777777778
1431,1432,0.08533333333333333
1432,1433,0.088
1433,1434,0.16
1434,1435,0.09777777777777778
1435,1436,0.12622222222222224
1436,1437,0.1351111111111111
1437,1438,0.22044444444444444
1438,1439,0.2782222222222222
1439,1440,0.14044444444444446
1440,1441,0.060444444444444446
1441,1442,0.11822222222222223
1442,1443,0.13866666666666666
1443,1444,0.1111111111111111
1444,1445,0.03111111111111111
1445,1446,0.04711111111111111
1446,1447,0.07822222222222222
1447,1448,0.112
1448,1449,0.1671111111111111
1449,1450,0.12088888888888889
1450,1451,0.6533333333333333
1451,1452,0.15288888888888888
1452,1453,0.1111111111111111
1453,1454,0.048
1454,1455,0.14133333333333334
1455,1456,0.10311111111111111
1456,1457,0.06488888888888888
1457,1458,0.13955555555555554
1458,1459,0.10844444444444444
1459,1460,0.06755555555555555
1460,1461,0.08977777777777778
1461,1462,0.176
1462,1463,0.04622222222222222
1463,1464,0.08888888888888889
1464,1465,0.176
1465,1466,0.09066666666666667
1466,1467,0.1448888888888889
1467,1468,0.064
1468,1469,0.11911111111111111
1469,1470,0.06488888888888888
1470,1471,0.12355555555555556
1471,1472,0.7004444444444444
1472,1473,0.06844444444444445
1473,1474,0.13155555555555556
1474,1475,0.08888888888888889
1475,1476,0.22844444444444445
1476,1477,0.10844444444444444
1477,1478,0.10755555555555556
1478,1479,0.08444444444444445
1479,1480,0.09066666666666667
1480,1481,0.07555555555555556
1481,1482,0.059555555555555556
1482,1483,0.12177777777777778
1483,1484,0.07644444444444444
1484,1485,0.10933333333333334
1485,1486,0.049777777777777775
1486,1487,0.06755555555555555
1487,1488,0.13955555555555554
1488,1489,0.09422222222222222
1489,1490,0.23733333333333334
1490,1491,0.03288888888888889
1491,1492,0.22133333333333333
1492,1493,0.0951111111111111
1493,1494,0.08266666666666667
1494,1495,0.096
1495,1496,0.037333333333333336
1496,1497,0.08177777777777778
1497,1498,0.10933333333333334
1498,1499,0.12533333333333332
1499,1500,0.1671111111111111
1500,1501,0.08977777777777778
1501,1502,0.21244444444444444
1502,1503,0.09244444444444444
1503,1504,0.050666666666666665
1504,1505,0.10666666666666667
1505,1506,0.07377777777777778
1506,1507,0.17333333333333334
1507,1508,0.020444444444444446
1508,1509,0.072
1509,1510,0.11644444444444445
1510,1511,0.12
1511,1512,0.11733333333333333
1512,1513,0.12266666666666666
1513,1514,0.12444444444444444
1514,1515,0.10133333333333333
1515,1516,0.19111111111111112
1516,1517,0.14577777777777778
1517,1518,0.12355555555555556
1518,1519,0.13866666666666666
1519,1520,0.07644444444444444
1520,1521,0.07288888888888889
1521,1522,0.08977777777777778
1522,1523,0.08622222222222223
1523,1524,0.08533333333333333
1524,1525,0.057777777777777775
1525,1526,0.10666666666666667
1526,1527,0.06577777777777778
1527,1528,0.07022222222222223
1528,1529,0.03288888888888889
1529,1530,0.11022222222222222
1530,1531,0.18933333333333333
1531,1532,0.1582222222222222
1532,1533,0.08533333333333333
1533,1534,0.14755555555555555
1534,1535,0.10222222222222223
1535,1536,0.6915555555555556
1536,1537,0.20266666666666666
1537,1538,0.07377777777777778
1538,1539,0.07377777777777778
1539,1540,0.168
1540,1541,0.034666666666666665
1541,1542,0.17066666666666666
1542,1543,0.6764444444444444
1543,1544,0.14844444444444443
1544,1545,0.152
1545,1546,0.16444444444444445
1546,1547,0.07377777777777778
1547,1548,0.6577777777777778
1548,1549,0.04088888888888889
1549,1550,0.12622222222222224
1550,1551,0.12088888888888889
1551,1552,0.2222222222222222
1552,1553,0.22755555555555557
1553,1554,0.16177777777777777
1554,1555,0.08177777777777778
1555,1556,0.058666666666666666
1556,1557,0.06311111111111112
1557,1558,0.20266666666666666
1558,1559,0.1991111111111111
1559,1560,0.05511111111111111
1560,1561,0.035555555555555556
1561,1562,0.17422222222222222
1562,1563,0.23644444444444446
1563,1564,0.11733333333333333
1564,1565,0.08622222222222223
1565,1566,0.22311111111111112
1566,1567,0.17777777777777778
1567,1568,0.19377777777777777
1568,1569,0.11022222222222222
1569,1570,0.08711111111111111
1570,1571,0.07555555555555556
1571,1572,0.6693333333333333
1572,1573,0.03911111111111111
1573,1574,0.12088888888888889
1574,1575,0.08266666666666667
1575,1576,0.06488888888888888
1576,1577,0.10488888888888889
1577,1578,0.07466666666666667
1578,1579,0.08444444444444445
1579,1580,0.09955555555555555
1580,1581,0.22755555555555557
1581,1582,0.06222222222222222
1582,1583,0.18755555555555556
1583,1584,0.11733333333333333
1584,1585,0.08711111111111111
1585,1586,0.09066666666666667
1586,1587,0.13066666666666665
1587,1588,0.051555555555555556
1588,1589,0.024888888888888887
1589,1590,0.10933333333333334
1590,1591,0.06933333333333333
1591,1592,0.2088888888888889
1592,1593,0.1511111111111111
1593,1594,0.12355555555555556
1594,1595,0.12355555555555556
1595,1596,0.2071111111111111
1596,1597,0.10488888888888889
1597,1598,0.10133333333333333
1598,1599,0.11022222222222222
1599,1600,0.08622222222222223
1600,1601,0.07733333333333334
1601,1602,0.19644444444444445
1602,1603,0.06666666666666667
1603,1604,0.104
1604,1605,0.18044444444444444
1605,1606,0.037333333333333336
1606,1607,0.11377777777777778
1607,1608,0.043555555555555556
1608,1609,0.19111111111111112
1609,1610,0.10133333333333333
1610,1611,0.1368888888888889
1611,1612,0.16533333333333333
1612,1613,0.1688888888888889
1613,1614,0.168
1614,1615,0.08711111111111111
1615,1616,0.056
1616,1617,0.041777777777777775
1617,1618,0.13333333333333333
1618,1619,0.096
1619,1620,0.04622222222222222
1620,1621,0.12533333333333332
1621,1622,0.2071111111111111
1622,1623,0.03911111111111111
1623,1624,0.22044444444444444
1624,1625,0.14755555555555555
1625,1626,0.041777777777777775
1626,1627,0.1671111111111111
1627,1628,0.10755555555555556
1628,1629,0.08177777777777778
1629,1630,0.1448888888888889
1630,1631,0.1111111111111111
1631,1632,0.020444444444444446
1632,1633,0.08088888888888889
1633,1634,0.13244444444444445
1634,1635,0.060444444444444446
1635,1636,0.10577777777777778
1636,1637,0.08177777777777778
1637,1638,0.6835555555555556
1638,1639,0.07555555555555556
1639,1640,0.2248888888888889
1640,1641,0.11733333333333333
1641,1642,0.12444444444444444
1642,1643,0.06311111111111112
1643,1644,0.051555555555555556
1644,1645,0.3448888888888889
1645,1646,0.056
1646,1647,0.08444444444444445
1647,1648,0.09333333333333334
1648,1649,0.05688888888888889
1649,1650,0.04088888888888889
1650,1651,0.1991111111111111
1651,1652,0.18844444444444444
1652,1653,0.13155555555555556
1653,1654,0.18844444444444444
1654,1655,0.14133333333333334
1655,1656,0.08355555555555555
1656,1657,0.049777777777777775
1657,1658,0.03288888888888889
1658,1659,0.6462222222222223
1659,1660,0.14666666666666667
1660,1661,0.11644444444444445
1661,1662,0.09333333333333334
1662,1663,0.08
1663,1664,0.06133333333333333
1664,1665,0.12
1665,1666,0.042666666666666665
1666,1667,0.04
1667,1668,0.14933333333333335
1668,1669,0.02666666666666667
1669,1670,0.12533333333333332
1670,1671,0.1111111111111111
1671,1672,0.06666666666666667
1672,1673,0.11644444444444445
1673,1674,0.058666666666666666
1674,1675,0.12266666666666666
1675,1676,0.13866666666666666
1676,1677,0.128
1677,1678,0.14844444444444443
1678,1679,0.08977777777777778
1679,1680,0.06666666666666667
1680,1681,0.15733333333333333
1681,1682,0.25066666666666665
1682,1683,0.041777777777777775
1683,1684,0.10311111111111111
1684,1685,0.05333333333333334
1685,1686,0.08444444444444445
1686,1687,0.07111111111111111
1687,1688,0.14133333333333334
1688,1689,0.10222222222222223
1689,1690,0.104
1690,1691,0.12088888888888889
1691,1692,0.2071111111111111
1692,1693,0.08444444444444445
1693,1694,0.06577777777777778
1694,1695,0.13777777777777778
1695,1696,0.13866666666666666
1696,1697,0.14577777777777778
1697,1698,0.11288888888888889
1698,1699,0.14844444444444443
1699,1700,0.06666666666666667
1700,1701,0.08088888888888889
1701,1702,0.03288888888888889
1702,1703,0.16
1703,1704,0.04711111111111111
1704,1705,0.23022222222222222
1705,1706,0.020444444444444446
1706,1707,0.136
1707,1708,0.27466666666666667
1708,1709,0.13422222222222221
1709,1710,0.044444444444444446
1710,1711,0.22311111111111112
1711,1712,0.09777777777777778
1712,1713,0.09333333333333334
1713,1714,0.072
1714,1715,0.07377777777777778
1715,1716,0.07288888888888889
1716,1717,0.16977777777777778
1717,1718,0.17066666666666666
1718,1719,0.152
1719,1720,0.13422222222222221
1720,1721,0.152
1721,1722,0.1431111111111111
1722,1723,0.058666666666666666
1723,1724,0.050666666666666665
1724,1725,0.015111111111111112
1725,1726,0.032
1726,1727,0.03911111111111111
1727,1728,0.072
1728,1729,0.05333333333333334
1729,1730,0.17244444444444446
1730,1731,0.06755555555555555
1731,1732,0.19466666666666665
1732,1733,0.051555555555555556
1733,1734,0.06311111111111112
1734,1735,0.10577777777777778
1735,1736,0.05688888888888889
1736,1737,0.16977777777777778
1737,1738,0.08533333333333333
1738,1739,0.11644444444444445
1739,1740,0.0791111111111111
1740,1741,0.09866666666666667
1741,1742,0.12
1742,1743,0.07733333333333334
1743,1744,0.112
1744,1745,0.10488888888888889
1745,1746,0.16
1746,1747,0.112
1747,1748,0.06755555555555555
1748,1749,0.19466666666666665
1749,1750,0.10222222222222223
1750,1751,0.08533333333333333
1751,1752,0.09066666666666667
1752,1753,0.1928888888888889
1753,1754,0.1431111111111111
1754,1755,0.1288888888888889
1755,1756,0.08888888888888889
1756,1757,0.0791111111111111
1757,1758,0.06933333333333333
1758,1759,0.033777777777777775
1759,1760,0.03911111111111111
1760,1761,0.03822222222222222
1761,1762,0.08444444444444445
1762,1763,0.296
1763,1764,0.11022222222222222
1764,1765,0.1688888888888889
1765,1766,0.15911111111111112
1766,1767,0.058666666666666666
1767,1768,0.17333333333333334
1768,1769,0.10488888888888889
1769,1770,0.18844444444444444
1770,1771,0.12088888888888889
1771,1772,0.2613333333333333
1772,1773,0.10222222222222223
1773,1774,0.0791111111111111
1774,1775,0.136
1775,1776,0.08355555555555555
1776,1777,0.12
1777,1778,0.057777777777777775
1778,1779,0.07466666666666667
1779,1780,0.16266666666666665
1780,1781,0.26311111111111113
1781,1782,0.09066666666666667
1782,1783,0.10844444444444444
1783,1784,0.17333333333333334
1784,1785,0.04
1785,1786,0.07288888888888889
1786,1787,0.064
1787,1788,0.10044444444444445
1788,1789,0.13244444444444445
1789,1790,0.072
1790,1791,0.07822222222222222
1791,1792,0.056
1792,1793,0.034666666666666665
1793,1794,0.14044444444444446
1794,1795,0.08533333333333333
1795,1796,0.12
1796,1797,0.06577777777777778
1797,1798,0.16444444444444445
1798,1799,0.07822222222222222
1799,1800,0.144
1800,1801,0.07733333333333334
1801,1802,0.09866666666666667
1802,1803,0.15911111111111112
1803,1804,0.0951111111111111
1804,1805,0.14577777777777778
1805,1806,0.03822222222222222
1806,1807,0.16177777777777777
1807,1808,0.11822222222222223
1808,1809,0.11911111111111111
1809,1810,0.07111111111111111
1810,1811,0.09244444444444444
1811,1812,0.22133333333333333
1812,1813,0.17155555555555554
1813,1814,0.20533333333333334
1814,1815,0.034666666666666665
1815,1816,0.08444444444444445
1816,1817,0.10933333333333334
1817,1818,0.1368888888888889
1818,1819,0.14755555555555555
1819,1820,0.11911111111111111
1820,1821,0.15288888888888888
1821,1822,0.1991111111111111
1822,1823,0.1448888888888889
1823,1824,0.08088888888888889
1824,1825,0.18755555555555556
1825,1826,0.09955555555555555
1826,1827,0.12
1827,1828,0.048
1828,1829,0.07377777777777778
1829,1830,0.03822222222222222
1830,1831,0.056
1831,1832,0.12088888888888889
1832,1833,0.06133333333333333
1833,1834,0.09066666666666667
1834,1835,0.08088888888888889
1835,1836,0.09244444444444444
1836,1837,0.11644444444444445
1837,1838,0.14755555555555555
1838,1839,0.08977777777777778
1839,1840,0.13244444444444445
1840,1841,0.10311111111111111
1841,1842,0.11022222222222222
1842,1843,0.13244444444444445
1843,1844,0.1608888888888889
1844,1845,0.09155555555555556
1845,1846,0.09688888888888889
1846,1847,0.07555555555555556
1847,1848,0.09333333333333334
1848,1849,0.16977777777777778
1849,1850,0.10577777777777778
1850,1851,0.18222222222222223
1851,1852,0.08444444444444445
1852,1853,0.18577777777777776
1853,1854,0.21688888888888888
1854,1855,0.058666666666666666
1855,1856,0.19377777777777777
1856,1857,0.04533333333333334
1857,1858,0.17155555555555554
1858,1859,0.09066666666666667
1859,1860,0.032
1860,1861,0.058666666666666666
1861,1862,0.18488888888888888
1862,1863,0.035555555555555556
1863,1864,0.043555555555555556
1864,1865,0.104
1865,1866,0.18044444444444444
1866,1867,0.3075555555555556
1867,1868,0.09955555555555555
1868,1869,0.12977777777777777
1869,1870,0.13422222222222221
1870,1871,0.16
1871,1872,0.13955555555555554
1872,1873,0.08177777777777778
1873,1874,0.10933333333333334
1874,1875,0.21066666666666667
1875,1876,0.04888888888888889
1876,1877,0.04
1877,1878,0.030222222222222223
1878,1879,0.11377777777777778
1879,1880,0.10844444444444444
1880,1881,0.036444444444444446
1881,1882,0.08088888888888889
1882,1883,0.14133333333333334
1883,1884,0.05688888888888889
1884,1885,0.13422222222222221
1885,1886,0.11022222222222222
1886,1887,0.1351111111111111
1887,1888,0.12266666666666666
1888,1889,0.09244444444444444
1889,1890,0.03822222222222222
1890,1891,0.16977777777777778
1891,1892,0.064
1892,1893,0.1368888888888889
1893,1894,0.184
1894,1895,0.31555555555555553
1895,1896,0.07466666666666667
1896,1897,0.10488888888888889
1897,1898,0.22844444444444445
1898,1899,0.2008888888888889
1899,1900,0.12444444444444444
1900,1901,0.019555555555555555
1901,1902,0.1688888888888889
1902,1903,0.12177777777777778
1903,1904,0.21155555555555555
1904,1905,0.036444444444444446
1905,1906,0.08088888888888889
1906,1907,0.20444444444444446
1907,1908,0.072
1908,1909,0.08444444444444445
1909,1910,0.11377777777777778
1910,1911,0.08177777777777778
1911,1912,0.10488888888888889
1912,1913,0.07111111111111111
1913,1914,0.10933333333333334
1914,1915,0.06311111111111112
1915,1916,0.144
1916,1917,0.17422222222222222
1917,1918,0.14933333333333335
1918,1919,0.12977777777777777
1919,1920,0.16
1920,1921,0.10044444444444445
1921,1922,0.13866666666666666
1922,1923,0.11377777777777778
1923,1924,0.07111111111111111
1924,1925,0.08622222222222223
1925,1926,0.09955555555555555
1926,1927,0.14577777777777778
1927,1928,0.056
1928,1929,0.10844444444444444
1929,1930,0.06488888888888888
1930,1931,0.20444444444444446
1931,1932,0.06755555555555555
1932,1933,0.06844444444444445
1933,1934,0.08444444444444445
1934,1935,0.09066666666666667
1935,1936,0.136
1936,1937,0.07822222222222222
1937,1938,0.04622222222222222
1938,1939,0.049777777777777775
1939,1940,0.15911111111111112
1940,1941,0.036444444444444446
1941,1942,0.043555555555555556
1942,1943,0.09244444444444444
1943,1944,0.13244444444444445
1944,1945,0.05333333333333334
1945,1946,0.18755555555555556
1946,1947,0.1537777777777778
1947,1948,0.11288888888888889
1948,1949,0.09422222222222222
1949,1950,0.059555555555555556
1950,1951,0.08444444444444445
1951,1952,0.096
1952,1953,0.17333333333333334
1953,1954,0.07644444444444444
1954,1955,0.0951111111111111
1955,1956,0.14577777777777778
1956,1957,0.11466666666666667
1957,1958,0.1671111111111111
1958,1959,0.04711111111111111
1959,1960,0.056
1960,1961,0.1537777777777778
1961,1962,0.1751111111111111
1962,1963,0.17244444444444446
1963,1964,0.2328888888888889
1964,1965,0.12977777777777777
1965,1966,0.20533333333333334
1966,1967,0.21866666666666668
1967,1968,0.1511111111111111
1968,1969,0.13066666666666665
1969,1970,0.064
1970,1971,0.13777777777777778
1971,1972,0.09688888888888889
1972,1973,0.13066666666666665
1973,1974,0.21955555555555556
1974,1975,0.13066666666666665
1975,1976,0.136
1976,1977,0.1671111111111111
1977,1978,0.06666666666666667
1978,1979,0.13066666666666665
1979,1980,0.12088888888888889
1980,1981,0.12622222222222224
1981,1982,0.12355555555555556
1982,1983,0.15644444444444444
1983,1984,0.21155555555555555
1984,1985,0.13244444444444445
1985,1986,0.16533333333333333
1986,1987,0.072
1987,1988,0.10311111111111111
1988,1989,0.11377777777777778
1989,1990,0.05688888888888889
1990,1991,0.09244444444444444
1991,1992,0.07466666666666667
1992,1993,0.10133333333333333
1993,1994,0.104
1994,1995,0.12977777777777777
1995,1996,0.1111111111111111
1996,1997,0.0951111111111111
1997,1998,0.08888888888888889
1998,1999,0.059555555555555556
1999,2000,0.08533333333333333
2000,2001,0.028444444444444446
2001,2002,0.027555555555555555
2002,2003,0.224
2003,2004,0.033777777777777775
2004,2005,0.048
2005,2006,0.11377777777777778
2006,2007,0.1991111111111111
2007,2008,0.21422222222222223
2008,2009,0.16355555555555557
2009,2010,0.2577777777777778
2010,2011,0.06222222222222222
2011,2012,0.10755555555555556
2012,2013,0.07288888888888889
2013,2014,0.23555555555555555
2014,2015,0.18044444444444444
2015,2016,0.06311111111111112
2016,2017,0.15911111111111112
2017,2018,0.10933333333333334
2018,2019,0.08355555555555555
2019,2020,0.06133333333333333
2020,2021,0.13422222222222221
2021,2022,0.104
2022,2023,0.024
2023,2024,0.051555555555555556
2024,2025,0.18044444444444444
2025,2026,0.17155555555555554
2026,2027,0.16977777777777778
2027,2028,0.08444444444444445
2028,2029,0.112
2029,2030,0.09777777777777778
2030,2031,0.064
2031,2032,0.07644444444444444
2032,2033,0.04888888888888889
2033,2034,0.11288888888888889
2034,2035,0.18577777777777776
2035,2036,0.04622222222222222
2036,2037,0.064
2037,2038,0.10311111111111111
2038,2039,0.07022222222222223
2039,2040,0.05333333333333334
2040,2041,0.2008888888888889
2041,2042,0.11377777777777778
2042,2043,0.14844444444444443
2043,2044,0.06133333333333333
2044,2045,0.088
2045,2046,0.136
2046,2047,0.09777777777777778
2047,2048,0.096
2048,2049,0.08355555555555555
2049,2050,0.16355555555555557
2050,2051,0.1448888888888889
2051,2052,0.07288888888888889
2052,2053,0.1111111111111111
2053,2054,0.14844444444444443
2054,2055,0.12
2055,2056,0.12622222222222224
2056,2057,0.21333333333333335
2057,2058,0.14133333333333334
2058,2059,0.11733333333333333
2059,2060,0.1537777777777778
2060,2061,0.2008888888888889
2061,2062,0.19555555555555557
2062,2063,0.11288888888888889
2063,2064,0.112
2064,2065,0.064
2065,2066,0.057777777777777775
2066,2067,0.09777777777777778
2067,2068,0.05688888888888889
2068,2069,0.12177777777777778
2069,2070,0.07733333333333334
2070,2071,0.06577777777777778
2071,2072,0.06666666666666667
2072,2073,0.08888888888888889
2073,2074,0.10311111111111111
2074,2075,0.18222222222222223
2075,2076,0.21333333333333335
2076,2077,0.0951111111111111
2077,2078,0.12533333333333332
2078,2079,0.14222222222222222
2079,2080,0.13155555555555556
2080,2081,0.15022222222222223
2081,2082,0.05422222222222222
2082,2083,0.23555555555555555
2083,2084,0.16444444444444445
2084,2085,0.07555555555555556
2085,2086,0.06222222222222222
2086,2087,0.08266666666666667
2087,2088,0.1368888888888889
2088,2089,0.064
2089,2090,0.042666666666666665
2090,2091,0.12444444444444444
2091,2092,0.03911111111111111
2092,2093,0.07377777777777778
2093,2094,0.08177777777777778
2094,2095,0.048
2095,2096,0.06311111111111112
2096,2097,0.10755555555555556
2097,2098,0.19822222222222222
2098,2099,0.17955555555555555
2099,2100,0.11555555555555555
2100,2101,0.08711111111111111
2101,2102,0.072
2102,2103,0.06222222222222222
2103,2104,0.06222222222222222
2104,2105,0.06666666666666667
2105,2106,0.26311111111111113
2106,2107,0.09866666666666667
2107,2108,0.1511111111111111
2108,2109,0.1431111111111111
2109,2110,0.104
2110,2111,0.10222222222222223
2111,2112,0.09688888888888889
2112,2113,0.24355555555555555
2113,2114,0.16355555555555557
2114,2115,0.1511111111111111
2115,2116,0.06133333333333333
2116,2117,0.060444444444444446
2117,2118,0.10222222222222223
2118,2119,0.10933333333333334
2119,2120,0.07377777777777778
2120,2121,0.096
2121,2122,0.21155555555555555
2122,2123,0.08266666666666667
2123,2124,0.10577777777777778
2124,2125,0.08266666666666667
2125,2126,0.12266666666666666
2126,2127,0.08977777777777778
2127,2128,0.0791111111111111
2128,2129,0.05511111111111111
2129,2130,0.12533333333333332
2130,2131,0.15288888888888888
2131,2132,0.2088888888888889
2132,2133,0.10844444444444444
2133,2134,0.0951111111111111
2134,2135,0.09777777777777778
2135,2136,0.16355555555555557
2136,2137,0.041777777777777775
2137,2138,0.0951111111111111
2138,2139,0.25066666666666665
2139,2140,0.10666666666666667
2140,2141,0.10133333333333333
2141,2142,0.11911111111111111
2142,2143,0.18844444444444444
2143,2144,0.09955555555555555
2144,2145,0.09955555555555555
2145,2146,0.08888888888888889
2146,2147,0.10933333333333334
2147,2148,0.07111111111111111
2148,2149,0.11911111111111111
2149,2150,0.10133333333333333
2150,2151,0.1431111111111111
2151,2152,0.064
2152,2153,0.07822222222222222
2153,2154,0.15022222222222223
2154,2155,0.09422222222222222
2155,2156,0.12088888888888889
2156,2157,0.20622222222222222
2157,2158,0.06488888888888888
2158,2159,0.064
2159,2160,0.08355555555555555
2160,2161,0.088
2161,2162,0.09866666666666667
2162,2163,0.208
2163,2164,0.20355555555555555
2164,2165,0.2008888888888889
2165,2166,0.15466666666666667
2166,2167,0.1928888888888889
2167,2168,0.12977777777777777
2168,2169,0.08266666666666667
2169,2170,0.051555555555555556
2170,2171,0.25955555555555554
2171,2172,0.06222222222222222
2172,2173,0.12622222222222224
2173,2174,0.15644444444444444
2174,2175,0.1288888888888889
2175,2176,0.06577777777777778
2176,2177,0.13777777777777778
2177,2178,0.10222222222222223
2178,2179,0.10577777777777778
2179,2180,0.10488888888888889
2180,2181,0.04888888888888889
2181,2182,0.06844444444444445
2182,2183,0.11911111111111111
2183,2184,0.21422222222222223
2184,2185,0.072
2185,2186,0.2
2186,2187,0.056
2187,2188,0.06133333333333333
2188,2189,0.09866666666666667
2189,2190,0.03822222222222222
2190,2191,0.17422222222222222
2191,2192,0.15733333333333333
2192,2193,0.05511111111111111
2193,2194,0.12177777777777778
2194,2195,0.05422222222222222
2195,2196,0.04622222222222222
2196,2197,0.21333333333333335
2197,2198,0.144
2198,2199,0.05422222222222222
2199,2200,0.288
2200,2201,0.08355555555555555
2201,2202,0.11377777777777778
2202,2203,0.09777777777777778
2203,2204,0.17955555555555555
2204,2205,0.21333333333333335
2205,2206,0.0951111111111111
2206,2207,0.04088888888888889
2207,2208,0.19822222222222222
2208,2209,0.1431111111111111
2209,2210,0.1351111111111111
2210,2211,0.20266666666666666
2211,2212,0.1288888888888889
2212,2213,0.096
2213,2214,0.07111111111111111
2214,2215,0.06133333333333333
2215,2216,0.128
2216,2217,0.1368888888888889
2217,2218,0.11555555555555555
2218,2219,0.20977777777777779
2219,2220,0.04888888888888889
2220,2221,0.15733333333333333
2221,2222,0.144
2222,2223,0.07022222222222223
2223,2224,0.1537777777777778
2224,2225,0.1351111111111111
2225,2226,0.13244444444444445
2226,2227,0.10666666666666667
2227,2228,0.11644444444444445
2228,2229,0.0951111111111111
2229,2230,0.06222222222222222
2230,2231,0.104
2231,2232,0.11022222222222222
2232,2233,0.09244444444444444
2233,2234,0.11644444444444445
2234,2235,0.088
2235,2236,0.1368888888888889
2236,2237,0.08266666666666667
2237,2238,0.19377777777777777
2238,2239,0.1448888888888889
2239,2240,0.10577777777777778
2240,2241,0.08711111111111111
2241,2242,0.1111111111111111
2242,2243,0.08355555555555555
2243,2244,0.10844444444444444
2244,2245,0.06933333333333333
2245,2246,0.11822222222222223
2246,2247,0.15466666666666667
2247,2248,0.06311111111111112
2248,2249,0.06133333333333333
2249,2250,0.052444444444444446
2250,2251,0.1991111111111111
2251,2252,0.128
2252,2253,0.07733333333333334
2253,2254,0.04622222222222222
2254,2255,0.11022222222222222
2255,2256,0.18844444444444444
2256,2257,0.13333333333333333
2257,2258,0.042666666666666665
2258,2259,0.19466666666666665
2259,2260,0.3191111111111111
2260,2261,0.23466666666666666
2261,2262,0.09066666666666667
2262,2263,0.07555555555555556
2263,2264,0.19111111111111112
2264,2265,0.06666666666666667
2265,2266,0.09422222222222222
2266,2267,0.07288888888888889
2267,2268,0.13155555555555556
2268,2269,0.0951111111111111
2269,2270,0.033777777777777775
2270,2271,0.20444444444444446
2271,2272,0.144
2272,2273,0.0791111111111111
2273,2274,0.15466666666666667
2274,2275,0.12266666666666666
2275,2276,0.06488888888888888
2276,2277,0.042666666666666665
2277,2278,0.07733333333333334
2278,2279,0.18666666666666668
2279,2280,0.06666666666666667
2280,2281,0.09333333333333334
2281,2282,0.07466666666666667
2282,2283,0.16622222222222222
2283,2284,0.09244444444444444
2284,2285,0.128
2285,2286,0.056
2286,2287,0.033777777777777775
2287,2288,0.07644444444444444
2288,2289,0.10666666666666667
2289,2290,0.15644444444444444
2290,2291,0.18044444444444444
2291,2292,0.13244444444444445
2292,2293,0.09066666666666667
2293,2294,0.058666666666666666
2294,2295,0.13333333333333333
2295,2296,0.07111111111111111
2296,2297,0.07555555555555556
2297,2298,0.19822222222222222
2298,2299,0.10933333333333334
2299,2300,0.048
2300,2301,0.10844444444444444
2301,2302,0.13866666666666666
2302,2303,0.08444444444444445
2303,2304,0.09955555555555555
2304,2305,0.08533333333333333
2305,2306,0.12355555555555556
2306,2307,0.1608888888888889
2307,2308,0.1431111111111111
2308,2309,0.06844444444444445
2309,2310,0.09777777777777778
2310,2311,0.12355555555555556
2311,2312,0.11555555555555555
2312,2313,0.059555555555555556
2313,2314,0.1688888888888889
2314,2315,0.216
2315,2316,0.152
2316,2317,0.10844444444444444
2317,2318,0.12977777777777777
2318,2319,0.10311111111111111
2319,2320,0.10488888888888889
2320,2321,0.06311111111111112
2321,2322,0.12355555555555556
2322,2323,0.19644444444444445
2323,2324,0.09333333333333334
2324,2325,0.10755555555555556
2325,2326,0.18488888888888888
2326,2327,0.052444444444444446
2327,2328,0.07644444444444444
2328,2329,0.07733333333333334
2329,2330,0.20977777777777779
2330,2331,0.06844444444444445
2331,2332,0.19733333333333333
2332,2333,0.11288888888888889
2333,2334,0.14044444444444446
2334,2335,0.10488888888888889
2335,2336,0.07377777777777778
2336,2337,0.07022222222222223
2337,2338,0.12622222222222224
2338,2339,0.08444444444444445
2339,2340,0.10133333333333333
2340,2341,0.05511111111111111
2341,2342,0.256
2342,2343,0.14933333333333335
2343,2344,0.07288888888888889
2344,2345,0.1448888888888889
2345,2346,0.14844444444444443
2346,2347,0.10666666666666667
2347,2348,0.112
2348,2349,0.13066666666666665
2349,2350,0.2
2350,2351,0.06577777777777778
2351,2352,0.060444444444444446
2352,2353,0.09333333333333334
2353,2354,0.208
2354,2355,0.09066666666666667
2355,2356,0.11822222222222223
2356,2357,0.1111111111111111
2357,2358,0.09422222222222222
2358,2359,0.18222222222222223
2359,2360,0.052444444444444446
2360,2361,0.09155555555555556
2361,2362,0.28
2362,2363,0.04622222222222222
2363,2364,0.13066666666666665
2364,2365,0.15022222222222223
2365,2366,0.09777777777777778
2366,2367,0.07733333333333334
2367,2368,0.07644444444444444
2368,2369,0.07644444444444444
2369,2370,0.13866666666666666
2370,2371,0.14133333333333334
2371,2372,0.18933333333333333
2372,2373,0.13777777777777778
2373,2374,0.06666666666666667
2374,2375,0.09066666666666667
2375,2376,0.10666666666666667
2376,2377,0.1831111111111111
2377,2378,0.12
2378,2379,0.1368888888888889
2379,2380,0.13422222222222221
2380,2381,0.21155555555555555
2381,2382,0.1582222222222222
2382,2383,0.21866666666666668
2383,2384,0.10311111111111111
2384,2385,0.07022222222222223
2385,2386,0.2577777777777778
2386,2387,0.07466666666666667
2387,2388,0.19644444444444445
2388,2389,0.12088888888888889
2389,2390,0.06577777777777778
2390,2391,0.14222222222222222
2391,2392,0.11022222222222222
2392,2393,0.1751111111111111
2393,2394,0.036444444444444446
2394,2395,0.10133333333333333
2395,2396,0.17244444444444446
2396,2397,0.10311111111111111
2397,2398,0.1671111111111111
2398,2399,0.15644444444444444
2399,2400,0.18844444444444444
2400,2401,0.07111111111111111
2401,2402,0.08622222222222223
2402,2403,0.03111111111111111
2403,2404,0.144
2404,2405,0.21422222222222223
2405,2406,0.17155555555555554
2406,2407,0.05688888888888889
2407,2408,0.11377777777777778
2408,2409,0.11555555555555555
2409,2410,0.08977777777777778
2410,2411,0.07822222222222222
2411,2412,0.0791111111111111
2412,2413,0.057777777777777775
2413,2414,0.224
2414,2415,0.12444444444444444
2415,2416,0.04622222222222222
2416,2417,0.057777777777777775
2417,2418,0.042666666666666665
2418,2419,0.041777777777777775
2419,2420,0.15555555555555556
2420,2421,0.052444444444444446
2421,2422,0.1288888888888889
2422,2423,0.17955555555555555
2423,2424,0.184
2424,2425,0.10488888888888889
2425,2426,0.032
2426,2427,0.058666666666666666
2427,2428,0.04888888888888889
2428,2429,0.051555555555555556
2429,2430,0.06666666666666667
2430,2431,0.034666666666666665
2431,2432,0.14844444444444443
2432,2433,0.13155555555555556
2433,2434,0.13955555555555554
2434,2435,0.07822222222222222
2435,2436,0.05511111111111111
2436,2437,0.1431111111111111
2437,2438,0.048
2438,2439,0.14933333333333335
2439,2440,0.10044444444444445
2440,2441,0.14577777777777778
2441,2442,0.044444444444444446
2442,2443,0.10933333333333334
2443,2444,0.03288888888888889
2444,2445,0.11644444444444445
2445,2446,0.17333333333333334
2446,2447,0.12177777777777778
2447,2448,0.06666666666666667
2448,2449,0.02666666666666667
2449,2450,0.07377777777777778
2450,2451,0.08888888888888889
2451,2452,0.04711111111111111
2452,2453,0.11733333333333333
2453,2454,0.049777777777777775
2454,2455,0.1351111111111111
2455,2456,0.088
2456,2457,0.12711111111111112
2457,2458,0.08533333333333333
2458,2459,0.19555555555555557
2459,2460,0.042666666666666665
2460,2461,0.043555555555555556
2461,2462,0.10222222222222223
2462,2463,0.08266666666666667
2463,2464,0.058666666666666666
2464,2465,0.21244444444444444
2465,2466,0.12711111111111112
2466,2467,0.08088888888888889
2467,2468,0.12088888888888889
2468,2469,0.043555555555555556
2469,2470,0.060444444444444446
2470,2471,0.042666666666666665
2471,2472,0.07377777777777778
2472,2473,0.19377777777777777
2473,2474,0.15555555555555556
2474,2475,0.05511111111111111
2475,2476,0.09955555555555555
2476,2477,0.10222222222222223
2477,2478,0.1511111111111111
2478,2479,0.11377777777777778
2479,2480,0.044444444444444446
2480,2481,0.08444444444444445
2481,2482,0.059555555555555556
2482,2483,0.09688888888888889
2483,2484,0.08266666666666667
2484,2485,0.12
2485,2486,0.13866666666666666
2486,2487,0.11555555555555555
2487,2488,0.13777777777777778
2488,2489,0.10577777777777778
2489,2490,0.07733333333333334
2490,2491,0.22311111111111112
2491,2492,0.11466666666666667
2492,2493,0.11644444444444445
2493,2494,0.14577777777777778
2494,2495,0.15644444444444444
2495,2496,0.16622222222222222
2496,2497,0.06577777777777778
2497,2498,0.13333333333333333
2498,2499,0.06844444444444445
2499,2500,0.07822222222222222
2500,2501,0.15555555555555556
2501,2502,0.12622222222222224
2502,2503,0.06933333333333333
2503,2504,0.057777777777777775
2504,2505,0.07555555555555556
2505,2506,0.1368888888888889
2506,2507,0.08444444444444445
2507,2508,0.06666666666666667
2508,2509,0.08088888888888889
2509,2510,0.13333333333333333
2510,2511,0.1351111111111111
2511,2512,0.14044444444444446
2512,2513,0.11377777777777778
2513,2514,0.08533333333333333
2514,2515,0.13955555555555554
2515,2516,0.10844444444444444
2516,2517,0.059555555555555556
2517,2518,0.11288888888888889
2518,2519,0.07822222222222222
2519,2520,0.12444444444444444
2520,2521,0.10755555555555556
2521,2522,0.05422222222222222
2522,2523,0.10311111111111111
2523,2524,0.10755555555555556
2524,2525,0.064
2525,2526,0.09866666666666667
2526,2527,0.05422222222222222
2527,2528,0.096
2528,2529,0.11288888888888889
2529,2530,0.08355555555555555
2530,2531,0.15555555555555556
2531,2532,0.13066666666666665
2532,2533,0.08444444444444445
2533,2534,0.13422222222222221
2534,2535,0.072
2535,2536,0.056
2536,2537,0.08355555555555555
2537,2538,0.10666666666666667
2538,2539,0.20533333333333334
2539,2540,0.12711111111111112
2540,2541,0.060444444444444446
2541,2542,0.11822222222222223
2542,2543,0.09066666666666667
2543,2544,0.17422222222222222
2544,2545,0.08
2545,2546,0.21155555555555555
2546,2547,0.224
2547,2548,0.06488888888888888
2548,2549,0.06666666666666667
2549,2550,0.152
2550,2551,0.18933333333333333
2551,2552,0.08711111111111111
2552,2553,0.21777777777777776
2553,2554,0.08977777777777778
2554,2555,0.1831111111111111
2555,2556,0.09866666666666667
2556,2557,0.12355555555555556
2557,2558,0.09333333333333334
2558,2559,0.05688888888888889
2559,2560,0.12711111111111112
2560,2561,0.05333333333333334
2561,2562,0.04888888888888889
2562,2563,0.08533333333333333
2563,2564,0.0791111111111111
2564,2565,0.1431111111111111
2565,2566,0.22666666666666666
2566,2567,0.06133333333333333
2567,2568,0.0951111111111111
2568,2569,0.12977777777777777
2569,2570,0.08711111111111111
2570,2571,0.19733333333333333
2571,2572,0.07111111111111111
2572,2573,0.08533333333333333
2573,2574,0.11822222222222223
2574,2575,0.13955555555555554
2575,2576,0.15288888888888888
2576,2577,0.06311111111111112
2577,2578,0.21422222222222223
2578,2579,0.12711111111111112
2579,2580,0.12622222222222224
2580,2581,0.18933333333333333
2581,2582,0.041777777777777775
2582,2583,0.3502222222222222
2583,2584,0.13333333333333333
2584,2585,0.07822222222222222
2585,2586,0.14222222222222222
2586,2587,0.18755555555555556
2587,2588,0.07555555555555556
2588,2589,0.088
2589,2590,0.022222222222222223
2590,2591,0.4088888888888889
2591,2592,0.112
2592,2593,0.09866666666666667
2593,2594,0.08266666666666667
2594,2595,0.14933333333333335
2595,2596,0.20177777777777778
2596,2597,0.08444444444444445
2597,2598,0.184
2598,2599,0.0951111111111111
2599,2600,0.07733333333333334
2600,2601,0.1537777777777778
2601,2602,0.048
2602,2603,0.08177777777777778
2603,2604,0.20266666666666666
2604,2605,0.088
2605,2606,0.04533333333333334
2606,2607,0.07555555555555556
2607,2608,0.22577777777777777
2608,2609,0.13422222222222221
2609,2610,0.052444444444444446
2610,2611,0.176
2611,2612,0.14755555555555555
2612,2613,0.09066666666666667
2613,2614,0.11555555555555555
2614,2615,0.12088888888888889
2615,2616,0.07733333333333334
2616,2617,0.07733333333333334
2617,2618,0.15644444444444444
2618,2619,0.1431111111111111
2619,2620,0.216
2620,2621,0.16444444444444445
2621,2622,0.24
2622,2623,0.22933333333333333
2623,2624,0.10666666666666667
2624,2625,0.059555555555555556
2625,2626,0.09688888888888889
2626,2627,0.20355555555555555
2627,2628,0.08
2628,2629,0.08266666666666667
2629,2630,0.03822222222222222
2630,2631,0.049777777777777775
2631,2632,0.06577777777777778
2632,2633,0.060444444444444446
2633,2634,0.17955555555555555
2634,2635,0.09244444444444444
2635,2636,0.059555555555555556
2636,2637,0.16266666666666665
2637,2638,0.10133333333333333
2638,2639,0.1431111111111111
2639,2640,0.06755555555555555
2640,2641,0.0791111111111111
2641,2642,0.18133333333333335
2642,2643,0.04622222222222222
2643,2644,0.13244444444444445
2644,2645,0.14133333333333334
2645,2646,0.13066666666666665
2646,2647,0.11911111111111111
2647,2648,0.04088888888888889
2648,2649,0.24266666666666667
2649,2650,0.06933333333333333
2650,2651,0.10133333333333333
2651,2652,0.33244444444444443
2652,2653,0.10933333333333334
2653,2654,0.10488888888888889
2654,2655,0.07644444444444444
2655,2656,0.057777777777777775
2656,2657,0.21244444444444444
2657,2658,0.08266666666666667
2658,2659,0.08977777777777778
2659,2660,0.042666666666666665
2660,2661,0.21422222222222223
2661,2662,0.112
2662,2663,0.1688888888888889
2663,2664,0.06311111111111112
2664,2665,0.08711111111111111
2665,2666,0.08533333333333333
2666,2667,0.176
2667,2668,0.06666666666666667
2668,2669,0.08355555555555555
2669,2670,0.1431111111111111
2670,2671,0.16177777777777777
2671,2672,0.08888888888888889
2672,2673,0.07822222222222222
2673,2674,0.024
2674,2675,0.021333333333333333
2675,2676,0.1351111111111111
2676,2677,0.07822222222222222
2677,2678,0.16977777777777778
2678,2679,0.1671111111111111
2679,2680,0.096
2680,2681,0.06933333333333333
2681,2682,0.14577777777777778
2682,2683,0.14044444444444446
2683,2684,0.18666666666666668
2684,2685,0.07022222222222223
2685,2686,0.14844444444444443
2686,2687,0.0791111111111111
2687,2688,0.13244444444444445
2688,2689,0.12088888888888889
2689,2690,0.14933333333333335
2690,2691,0.07466666666666667
2691,2692,0.08711111111111111
2692,2693,0.10666666666666667
2693,2694,0.24533333333333332
2694,2695,0.2088888888888889
2695,2696,0.1431111111111111
2696,2697,0.13422222222222221
2697,2698,0.16355555555555557
2698,2699,0.12977777777777777
2699,2700,0.17422222222222222
2700,2701,0.06311111111111112
2701,2702,0.08533333333333333
2702,2703,0.144
2703,2704,0.112
2704,2705,0.104
2705,2706,0.17155555555555554
2706,2707,0.08533333333333333
2707,2708,0.08444444444444445
2708,2709,0.07288888888888889
2709,2710,0.15022222222222223
2710,2711,0.07822222222222222
2711,2712,0.09955555555555555
2712,2713,0.06933333333333333
2713,2714,0.08711111111111111
2714,2715,0.043555555555555556
2715,2716,0.15555555555555556
2716,2717,0.08711111111111111
2717,2718,0.1537777777777778
2718,2719,0.14755555555555555
2719,2720,0.13155555555555556
2720,2721,0.1431111111111111
2721,2722,0.1111111111111111
2722,2723,0.24711111111111111
2723,2724,0.20533333333333334
2724,2725,0.072
2725,2726,0.152
2726,2727,0.14577777777777778
2727,2728,0.06755555555555555
2728,2729,0.05422222222222222
2729,2730,0.176
2730,2731,0.12
2731,2732,0.06844444444444445
2732,2733,0.19644444444444445
2733,2734,0.09244444444444444
2734,2735,0.13866666666666666
2735,2736,0.128
2736,2737,0.07022222222222223
2737,2738,0.09422222222222222
2738,2739,0.07022222222222223
2739,2740,0.04
2740,2741,0.058666666666666666
2741,2742,0.06933333333333333
2742,2743,0.051555555555555556
2743,2744,0.15733333333333333
2744,2745,0.11822222222222223
2745,2746,0.06844444444444445
2746,2747,0.18577777777777776
2747,2748,0.10222222222222223
2748,2749,0.12088888888888889
2749,2750,0.144
2750,2751,0.08977777777777778
2751,2752,0.04533333333333334
2752,2753,0.060444444444444446
2753,2754,0.16
2754,2755,0.11022222222222222
2755,2756,0.14577777777777778
2756,2757,0.09688888888888889
2757,2758,0.18488888888888888
2758,2759,0.14577777777777778
2759,2760,0.18133333333333335
2760,2761,0.14755555555555555
2761,2762,0.11644444444444445
2762,2763,0.09688888888888889
2763,2764,0.13422222222222221
2764,2765,0.07111111111111111
2765,2766,0.13244444444444445
2766,2767,0.08977777777777778
2767,2768,0.09066666666666667
2768,2769,0.09777777777777778
2769,2770,0.20533333333333334
2770,2771,0.09866666666666667
2771,2772,0.11377777777777778
2772,2773,0.07733333333333334
2773,2774,0.04622222222222222
2774,2775,0.088
2775,2776,0.15555555555555556
2776,2777,0.057777777777777775
2777,2778,0.04622222222222222
2778,2779,0.1582222222222222
2779,2780,0.07822222222222222
2780,2781,0.05511111111111111
2781,2782,0.08711111111111111
2782,2783,0.144
2783,2784,0.044444444444444446
2784,2785,0.19377777777777777
2785,2786,0.24622222222222223
2786,2787,0.15555555555555556
2787,2788,0.11555555555555555
2788,2789,0.1511111111111111
2789,2790,0.20622222222222222
2790,2791,0.058666666666666666
2791,2792,0.05688888888888889
2792,2793,0.12444444444444444
2793,2794,0.09866666666666667
2794,2795,0.04622222222222222
2795,2796,0.11911111111111111
2796,2797,0.11822222222222223
2797,2798,0.18044444444444444
2798,2799,0.0791111111111111
2799,2800,0.09422222222222222
2800,2801,0.09777777777777778
2801,2802,0.07111111111111111
2802,2803,0.08533333333333333
2803,2804,0.09244444444444444
2804,2805,0.0951111111111111
2805,2806,0.08355555555555555
2806,2807,0.07466666666666667
2807,2808,0.2604444444444444
2808,2809,0.11377777777777778
2809,2810,0.16
2810,2811,0.104
2811,2812,0.13155555555555556
2812,2813,0.056
2813,2814,0.13422222222222221
2814,2815,0.09244444444444444
2815,2816,0.04622222222222222
2816,2817,0.13244444444444445
2817,2818,0.07555555555555556
2818,2819,0.11377777777777778
2819,2820,0.08
2820,2821,0.128
2821,2822,0.2408888888888889
2822,2823,0.06577777777777778
2823,2824,0.08266666666666667
2824,2825,0.2568888888888889
2825,2826,0.152
2826,2827,0.15911111111111112
2827,2828,0.12088888888888889
2828,2829,0.23022222222222222
2829,2830,0.15555555555555556
2830,2831,0.056
2831,2832,0.1288888888888889
2832,2833,0.21777777777777776
2833,2834,0.12444444444444444
2834,2835,0.04888888888888889
2835,2836,0.044444444444444446
2836,2837,0.057777777777777775
2837,2838,0.19555555555555557
2838,2839,0.10222222222222223
2839,2840,0.09333333333333334
2840,2841,0.256
2841,2842,0.16444444444444445
2842,2843,0.19555555555555557
2843,2844,0.08711111111111111
2844,2845,0.23822222222222222
2845,2846,0.18133333333333335
2846,2847,0.11022222222222222
2847,2848,0.04533333333333334
2848,2849,0.16
2849,2850,0.10666666666666667
2850,2851,0.18933333333333333
2851,2852,0.09422222222222222
2852,2853,0.16533333333333333
2853,2854,0.23644444444444446
2854,2855,0.09066666666666667
2855,2856,0.09955555555555555
2856,2857,0.05333333333333334
2857,2858,0.07822222222222222
2858,2859,0.18577777777777776
2859,2860,0.12444444444444444
2860,2861,0.1768888888888889
2861,2862,0.2728888888888889
2862,2863,0.11822222222222223
2863,2864,0.05422222222222222
2864,2865,0.20622222222222222
2865,2866,0.056
2866,2867,0.09688888888888889
2867,2868,0.11288888888888889
2868,2869,0.07644444444444444
2869,2870,0.13777777777777778
2870,2871,0.057777777777777775
2871,2872,0.07644444444444444
2872,2873,0.11733333333333333
2873,2874,0.11555555555555555
2874,2875,0.14133333333333334
2875,2876,0.10222222222222223
2876,2877,0.21422222222222223
2877,2878,0.044444444444444446
2878,2879,0.1928888888888889
2879,2880,0.09333333333333334
2880,2881,0.208
2881,2882,0.1608888888888889
2882,2883,0.1928888888888889
2883,2884,0.057777777777777775
2884,2885,0.07644444444444444
2885,2886,0.18488888888888888
2886,2887,0.136
2887,2888,0.08533333333333333
2888,2889,0.14222222222222222
2889,2890,0.028444444444444446
2890,2891,0.041777777777777775
2891,2892,0.056
2892,2893,0.09244444444444444
2893,2894,0.07644444444444444
2894,2895,0.10488888888888889
2895,2896,0.08444444444444445
2896,2897,0.2328888888888889
2897,2898,0.08622222222222223
2898,2899,0.136
2899,2900,0.1111111111111111
2900,2901,0.13422222222222221
2901,2902,0.17777777777777778
2902,2903,0.14222222222222222
2903,2904,0.11644444444444445
2904,2905,0.11733333333333333
2905,2906,0.14577777777777778
2906,2907,0.12088888888888889
2907,2908,0.14844444444444443
2908,2909,0.12533333333333332
2909,2910,0.10488888888888889
2910,2911,0.10311111111111111
2911,2912,0.09155555555555556
2912,2913,0.13155555555555556
2913,2914,0.19733333333333333
2914,2915,0.06755555555555555
2915,2916,0.128
2916,2917,0.19822222222222222
2917,2918,0.13777777777777778
2918,2919,0.05511111111111111
2919,2920,0.11377777777777778
2920,2921,0.16977777777777778
2921,2922,0.18133333333333335
2922,2923,0.10844444444444444
2923,2924,0.08711111111111111
2924,2925,0.18844444444444444
2925,2926,0.12
2926,2927,0.14666666666666667
2927,2928,0.12711111111111112
2928,2929,0.06755555555555555
2929,2930,0.13244444444444445
2930,2931,0.11466666666666667
2931,2932,0.14044444444444446
2932,2933,0.0791111111111111
2933,2934,0.08088888888888889
2934,2935,0.15466666666666667
2935,2936,0.13155555555555556
2936,2937,0.14577777777777778
2937,2938,0.15644444444444444
2938,2939,0.06488888888888888
2939,2940,0.08977777777777778
2940,2941,0.09244444444444444
2941,2942,0.10755555555555556
2942,2943,0.12266666666666666
2943,2944,0.04711111111111111
2944,2945,0.14222222222222222
2945,2946,0.23022222222222222
2946,2947,0.07822222222222222
2947,2948,0.10133333333333333
2948,2949,0.26666666666666666
2949,2950,0.152
2950,2951,0.11288888888888889
2951,2952,0.12622222222222224
2952,2953,0.12177777777777778
2953,2954,0.08533333333333333
2954,2955,0.19466666666666665
2955,2956,0.11644444444444445
2956,2957,0.14222222222222222
2957,2958,0.17777777777777778
2958,2959,0.059555555555555556
2959,2960,0.10755555555555556
2960,2961,0.12622222222222224
2961,2962,0.1288888888888889
2962,2963,0.09333333333333334
2963,2964,0.18844444444444444
2964,2965,0.12977777777777777
2965,2966,0.08711111111111111
2966,2967,0.10133333333333333
